[
  {
    "Location": "Central_Park",
    "Timestamp": "2025-11-30 17:09:21",
    "Predicted Class": "silence",
    "Confidence": 1.0,
    "Harm Rate": 0.0,
    "cycle": 1
  },
  {
    "Location": "Central_Park",
    "Timestamp": "2025-11-30 17:09:30",
    "Predicted Class": "silence",
    "Confidence": 0.9999998807907104,
    "Harm Rate": 0.0,
    "cycle": 2
  },
  {
    "Location": "Central_Park",
    "Timestamp": "2025-11-30 17:09:39",
    "Predicted Class": "silence",
    "Confidence": 1.0,
    "Harm Rate": 0.0,
    "cycle": 3
  },
  {
    "Location": "Central_Park",
    "Timestamp": "2025-11-30 17:09:47",
    "Predicted Class": "silence",
    "Confidence": 1.0,
    "Harm Rate": 0.0,
    "cycle": 4
  }
]